Workbook

Sheet Read Me
A1: Global Lower-Tier Scouting Model
A2: A statistical model for spotting players who are performing above their market visibility, worldwide.
A4: What this workbook does
A5: Player Data holds 1000 SAMPLE players (fictional, ages 17-26, across 32 countries on six continents) illustrating the schema. Scoring Model computes per-90 rates, ranks each player against peers at the same position, and produces an Undervalued Score: the gap between how well a player performs and how visible they already are in the market.
A7: Color legend
A8: Blue text = a value you type in or edit.
A9: Black text = a formula that only uses cells on its own sheet.
A10: Green text = a formula that pulls from another sheet.
A11: Yellow fill = an assumption you can tune (weights, tier multipliers).
A13: How to use it
A14: 1. Add players to Player Data. Position must be GK, DF, MF, or FW; Tier must be 2, 3, or 4.
A15: 2. Scoring Model updates automatically and ranks every player against others in the same position, worldwide.
... A41: This model is a filter, not a verdict. It can't see injuries, attitude, or off-pitch risk. Treat a high score as "go watch this player," never as "sign this player."

Sheet Assumptions
A1: Model Assumptions
A3: Scoring weights (must sum to 1.00)
A4: Factor | B4: Weight | C4: Rationale
A5: Goals + Assists per 90 | B5: 0.25 | C5: Counting production -- least reliable across levels, so weighted lowest.
A6: Progressive actions per 90 (passes + carries) | B6: 0.35 | C6: Ball-progression skill -- travels well across league quality.
A7: Defensive actions per 90 (tackles + interceptions) | B7: 0.2 | C7: Durable, possession-adjusted signal of work rate/defensive skill.
A8: Youth factor (younger relative to peers scores higher) | B8: 0.2 | C8: A teenager holding a starting role is a stronger signal than a 26-year-old doing the same.
A9: Total | B9: =SUM(B5:B8) -> 1
A11: League tier strength multiplier
A12: Tier | B12: Multiplier | C12: Note
A13: 2 | B13: 1 | C13: 2nd division -- strongest tier in scope.
A14: 3 | B14: 0.85 | C14: 3rd division -- solid output here still discounted vs. tier 2.
A15: 4 | B15: 0.7 | C15: 4th division -- output must be well above peers to overcome the discount.
A18: Flag thresholds (Undervalued Score, percentage points)
A19: High Priority >= | B19: 40
A20: Watchlist >= | B20: 20
A22: System fit thresholds (percentile, 0-1)
A23: High-percentile cutoff | B23: 0.65
A24: Youth cutoff (for pressing fit) | B24: 0.55
A25: Pass-driven cutoff (pass/carry ratio) | B25: 0.62
A26: Low-percentile cutoff | B26: 0.45
A28: Transfer pathway countries (by player country)
A29: Country | B29: Pathway Countries
A30: Iceland | B30: Norway, Belgium
A31: Montenegro | B31: Austria, Turkey
A32: Croatia | B32: Austria, Turkey
A33: Serbia | B33: Austria, Turkey
A34: North Macedonia | B34: Austria, Turkey
A35: Slovenia | B35: Austria, Poland
A36: Albania | B36: Turkey, Poland
A37: Estonia | B37: Poland, Norway
A38: Latvia | B38: Poland, Norway
A39: Georgia | B39: Turkey, Poland
A40: Bolivia | B40: Argentina, Portugal
... A61: New Zealand | B61: Australia, United States

Sheet Player Data
A1: Player Name | B1: Country | C1: League | D1: Tier | E1: Club | F1: Position | G1: Age | H1: Minutes Played | I1: Goals | J1: Assists | K1: Progressive Passes | L1: Progressive Carries | M1: Tackles + Interceptions | N1: Saves (GK) | O1: Goals Conceded (GK) | P1: Pass Completion % (GK) | Q1: Sweeper Actions (GK) | R1: Clean Sheets (GK) | S1: Market Value (EUR) | T1: Has Agent | U1: Contract Expires (Year) | V1: Club Contact Email | W1: Preferred Contact Route | X1: Age Verification Source | Y1: Date Added | Z1: Last Updated | AA1: Verify Age / Bio
A2: Nejc Krajnc | B2: Slovenia | C2: Slovenia Regional League | D2: 3 | E2: Koper FC | F2: DF | G2: 21 | H2: 2269 | I2: 2 | J2: 1 | K2: 54 | L2: 36 | M2: 106 | N2: 0 | O2: 0 | P2: 0 | Q2: 0 | R2: 0 | S2: 80530 | T2: No | U2: 2028 | V2: info@koperfc.si | W2: Club sporting director / first-team office | X2: NZS (Football Association of Slovenia) player registry | Y2: 2026-07-14 | Z2: 2026-07-15 | AA2: =HYPERLINK("https://www.transfermarkt.com/schnellsuche/ergebnis/schnellsuche?query="&SUBSTITUTE(A2," ","+"),"Search Transfermarkt") -> Search Transfermarkt
A3: Hoang Le | B3: Vietnam | C3: Vietnam Second Division - West | D3: 3 | E3: Da Nang Town | F3: DF | G3: 17 | H3: 1740 | I3: 1 | J3: 1 | K3: 65 | L3: 38 | M3: 125 | N3: 0 | O3: 0 | P3: 0 | Q3: 0 | R3: 0 | S3: 106482 | T3: No | U3: 2026 | V3: info@danangtown.vn | W3: Club youth/academy office ONLY - player is a minor, do not contact directly | X3: VFF (Vietnam Football Federation) player registry | Y3: 2026-07-14 | Z3: 2026-07-15 | AA3: =HYPERLINK("https://www.transfermarkt.com/schnellsuche/ergebnis/schnellsuche?query="&SUBSTITUTE(A3," ","+"),"Search Transfermarkt") -> Search Transfermarkt
A4: Filip Stojanovski | B4: North Macedonia | C4: North Macedonia Regional League | D4: 2 | E4: Ohrid Rangers | F4: DF | G4: 19 | H4: 1912 | I4: 2 | J4: 4 | K4: 71 | L4: 20 | M4: 117 | N4: 0 | O4: 0 | P4: 0 | Q4: 0 | R4: 0 | S4: 43203 | T4: No | U4: 2026 | V4: info@ohridrangers.mk | W4: Club sporting director / first-team office | X4: FFM (Football Federation of North Macedonia) player registry | Y4: 2026-07-14 | Z4: 2026-07-15 | AA4: =HYPERLINK("https://www.transfermarkt.com/schnellsuche/ergebnis/schnellsuche?query="&SUBSTITUTE(A4," ","+"),"Search Transfermarkt") -> Search Transfermarkt
A5: Ha-joon Jung | B5: South Korea | C5: South Korea Second Division | D5: 2 | E5: Daejeon FC | F5: GK | G5: 25 | H5: 2099 | I5: 0 | J5: 0 | K5: 6 | L5: 5 | M5: 7 | N5: 54 | O5: 27 | P5: 60.3 | Q5: 13.3 | R5: 5 | S5: 126781 | T5: No | U5: 2026 | V5: info@daejeonfc.kr | W5: Club sporting director / first-team office | X5: KFA (Korea Football Association) player registry | Y5: 2026-07-14 | Z5: 2026-07-15 | AA5: =HYPERLINK("https://www.transfermarkt.com/schnellsuche/ergebnis/schnellsuche?query="&SUBSTITUTE(A5," ","+"),"Search Transfermarkt") -> Search Transfermarkt
A6: Junior Perez | B6: Venezuela | C6: Venezuela Regional League | D6: 2 | E6: Barquisimeto SC | F6: FW | G6: 21 | H6: 1809 | I6: 19 | J6: 5 | K6: 54 | L6: 77 | M6: 12 | N6: 0 | O6: 0 | P6: 0 | Q6: 0 | R6: 0 | S6: 121253 | T6: Unknown | U6: 2028 | V6: info@barquisimetosc.ve | W6: Club sporting director / first-team office | X6: FVF (Venezuelan Football Federation) player registry | Y6: 2026-07-14 | Z6: 2026-07-15 | AA6: =HYPERLINK("https://www.transfermarkt.com/schnellsuche/ergebnis/schnellsuche?query="&SUBSTITUTE(A6," ","+"),"Search Transfermarkt") -> Search Transfermarkt
A7: Rasmus Kukk | B7: Estonia | C7: Estonia Second Division - West | D7: 2 | E7: Narva Wanderers | F7: MF | G7: 25 | H7: 1661 | I7: 7 | J7: 14 | K7: 127 | L7: 91 | M7: 46 | N7: 0 | O7: 0 | P7: 0 | Q7: 0 | R7: 0 | S7: 87658 | T7: No | U7: 2029 | V7: info@narvawanderers.ee | W7: Club sporting director / first-team office | X7: EJL (Estonian Football Association) player registry | Y7: 2026-07-14 | Z7: 2026-07-15 | AA7: =HYPERLINK("https://www.transfermarkt.com/schnellsuche/ergebnis/schnellsuche?query="&SUBSTITUTE(A7," ","+"),"Search Transfermarkt") -> Search Transfermarkt
A8: Ardit Krasniqi | B8: Albania | C8: Albania Third Tier - North | D8: 4 | E8: Durres Rangers | F8: FW | G8: 19 | H8: 850 | I8: 9 | J8: 6 | K8: 54 | L8: 100 | M8: 15 | N8: 0 | O8: 0 | P8: 0 | Q8: 0 | R8: 0 | S8: 36336 | T8: No | U8: 2026 | V8: info@durresrangers.al | W8: Club sporting director / first-team office | X8: FSHF (Albanian Football Association) player registry | Y8: 2026-07-14 | Z8: 2026-07-15 | AA8: =HYPERLINK("https://www.transfermarkt.com/schnellsuche/ergebnis/schnellsuche?query="&SUBSTITUTE(A8," ","+"),"Search Transfermarkt") -> Search Transfermarkt
A9: Ivan Matic | B9: Croatia | C9: Croatia Third Tier - South | D9: 4 | E9: Osijek SC | F9: GK | G9: 17 | H9: 1036 | I9: 0 | J9: 0 | K9: 16 | L9: 1 | M9: 8 | N9: 46 | O9: 16 | P9: 75.7 | Q9: 5.5 | R9: 2 | S9: 131907 | T9: No | U9: 2029 | V9: info@osijeksc.hr | W9: Club youth/academy office ONLY - player is a minor, do not contact directly | X9: HNS (Croatian Football Federation) player registry | Y9: 2026-07-14 | Z9: 2026-07-15 | AA9: =HYPERLINK("https://www.transfermarkt.com/schnellsuche/ergebnis/schnellsuche?query="&SUBSTITUTE(A9," ","+"),"Search Transfermarkt") -> Search Transfermarkt
A10: Mustafa Mahmoud | B10: Iraq | C10: Iraq Third Tier - North | D10: 2 | E10: Basra United | F10: GK | G10: 25 | H10: 2442 | I10: 0 | J10: 0 | K10: 11 | L10: 2 | M10: 5 | N10: 72 | O10: 59 | P10: 61.1 | Q10: 13.4 | R10: 6 | S10: 57150 | T10: Yes | U10: 2026 | V10: info@basraunited.iq | W10: Go through the player's agent - ask the club to confirm representation first | X10: IFA (Iraq Football Association) player registry | Y10: 2026-07-14 | Z10: 2026-07-15 | AA10: =HYPERLINK("https://www.transfermarkt.com/schnellsuche/ergebnis/schnellsuche?query="&SUBSTITUTE(A10," ","+"),"Search Transfermarkt") -> Search Transfermarkt
A11: Sander Mets | B11: Estonia | C11: Estonia Second Division - West | D11: 2 | E11: Tallinn Rangers | F11: MF | G11: 24 | H11: 2208 | I11: 4 | J11: 12 | K11: 167 | L11: 63 | M11: 50 | N11: 0 | O11: 0 | P11: 0 | Q11: 0 | R11: 0 | S11: 95867 | T11: No | U11: 2027 | V11: info@tallinnrangers.ee | W11: Club sporting director / first-team office | X11: EJL (Estonian Football Association) player registry | Y11: 2026-07-14 | Z11: 2026-07-15 | AA11: =HYPERLINK("https://www.transfermarkt.com/schnellsuche/ergebnis/schnellsuche?query="&SUBSTITUTE(A11," ","+"),"Search Transfermarkt") -> Search Transfermarkt
A12: Edgars Vitols | B12: Latvia | C12: Latvia Second Division - East | D12: 3 | E12: Daugavpils Rangers | F12: FW | G12: 24 | H12: 2373 | I12: 10 | J12: 5 | K12: 62 | L12: 90 | M12: 14 | N12: 0 | O12: 0 | P12: 0 | Q12: 0 | R12: 0 | S12: 0 | T12: No | U12: 2028 | V12: info@daugavpilsrangers.lv | W12: Club sporting director / first-team office | X12: LFF (Latvian Football Federation) player registry | Y12: 2026-07-14 | Z12: 2026-07-15 | AA12: =HYPERLINK("https://www.transfermarkt.com/schnellsuche/ergebnis/schnellsuche?query="&SUBSTITUTE(A12," ","+"),"Search Transfermarkt") -> Search Transfermarkt
A13: Ahmed Mahmoud | B13: Iraq | C13: Iraq Regional League | D13: 3 | E13: Basra SC | F13: MF | G13: 26 | H13: 1719 | I13: 10 | J13: 14 | K13: 146 | L13: 92 | M13: 38 | N13: 0 | O13: 0 | P13: 0 | Q13: 0 | R13: 0 | S13: 87382 | T13: Unknown | U13: 2026 | V13: info@basrasc.iq | W13: Club sporting director / first-team office | X13: IFA (Iraq Football Association) player registry | Y13: 2026-07-14 | Z13: 2026-07-15 | AA13: =HYPERLINK("https://www.transfermarkt.com/schnellsuche/ergebnis/schnellsuche?query="&SUBSTITUTE(A13," ","+"),"Search Transfermarkt") -> Search Transfermarkt
... A1001: Mateo Martinez 25 | B1001: Bolivia | C1001: Bolivia Provincial League | D1001: 4 | E1001: Sucre Rangers | F1001: DF | G1001: 21 | H1001: 1403 | I1001: 2 | J1001: 2 | K1001: 65 | L1001: 21 | M1001: 81 | N1001: 0 | O1001: 0 | P1001: 0 | Q1001: 0 | R1001: 0 | S1001: 0 | T1001: Yes | U1001: 2027 | V1001: info@sucrerangers.bo | W1001: Go through the player's agent - ask the club to confirm representation first | X1001: FBF (Bolivian Football Federation) player registry | Y1001: 2026-07-17 | Z1001: 2026-07-17 | AA1001: =HYPERLINK("https://www.transfermarkt.com/schnellsuche/ergebnis/schnellsuche?query="&SUBSTITUTE(A1001," ","+"),"Search Transfermarkt") -> Search Transfermarkt
A1003: Rows above are SAMPLE data (1000 fictional players, ages 17-26, spanning 32 countries worldwide). Club contact emails are illustrative formats, not real verified addresses -- confirm on the club's official site before use. Age Verification Source / Verify Age point to real, legitimate places to confirm identity and DOB (never a fabricated profile link, since that could accidentally point to an unrelated real person). Never contact a minor (under 18) directly -- go through the club's youth/academy office. Date Added / Last Updated reflect the weekly refresh cadence (10 new players added, all players' stats refreshed, each week -- see weekly_update.py). See the Research & Build Plan doc for real data sources.

Sheet Scoring Model
A1: Player | B1: Position | C1: Country | D1: League | E1: Tier | F1: Age | G1: Minutes | H1: GA / 90 | I1: Prog / 90 | J1: Def / 90 | K1: Market Value (EUR) | L1: Tier Multiplier | M1: GA Percentile | N1: Prog Percentile | O1: Def Percentile | P1: Youth Percentile | Q1: Performance Score | R1: Performance Percentile | S1: Market Visibility Percentile | T1: Undervalued Score | U1: Has Agent | V1: Contract Expires | W1: Flag | X1: Club Contact Email | Y1: Preferred Contact Route | Z1: Age Verification Source | AA1: Verify Age / Bio | AB1: Pass/Carry Ratio | AC1: System Fit | AD1: Date Added | AE1: Last Updated | AF1: Transfer Pathway Countries | AG1: Move Type
A2: ='Player Data'!A2 -> Nejc Krajnc | B2: ='Player Data'!F2 -> DF | C2: ='Player Data'!B2 -> Slovenia | D2: ='Player Data'!C2 -> Slovenia Regional League | E2: ='Player Data'!D2 -> 3 | F2: ='Player Data'!G2 -> 21 | G2: ='Player Data'!H2 -> 2269 | H2: =IF(B2="GK",IFERROR(('Player Data'!N2-1.5*'Player Data'!O2)/'Player Data'!H2*90,0),IFERROR(('Player Data'!I2+'Player Data'!J2)/'Player Data'!H2*90,0)) -> 0.11899515 | I2: =IF(B2="GK",'Player Data'!P2,IFERROR(('Player Data'!K2+'Player Data'!L2)/'Player Data'!H2*90,0)) -> 3.5698546 | J2: =IF(B2="GK",IFERROR('Player Data'!Q2/'Player Data'!H2*90,0),IFERROR('Player Data'!M2/'Player Data'!H2*90,0)) -> 4.2044954 | K2: ='Player Data'!S2 -> 80530 | L2: =INDEX(Assumptions!$B$13:$B$15,MATCH(E2,Assumptions!$A$13:$A$15,0)) -> 0.85 | M2: =IFERROR(SUMPRODUCT(($B$2:$B$1001=B2)*($H$2:$H$1001<=H2))/SUMPRODUCT(($B$2:$B$1001=B2)*1),0) -> 0.26530612 | N2: =IFERROR(SUMPRODUCT(($B$2:$B$1001=B2)*($I$2:$I$1001<=I2))/SUMPRODUCT(($B$2:$B$1001=B2)*1),0) -> 0.25510204 | O2: =IFERROR(SUMPRODUCT(($B$2:$B$1001=B2)*($J$2:$J$1001<=J2))/SUMPRODUCT(($B$2:$B$1001=B2)*1),0) -> 0.29931973 | P2: =IFERROR(SUMPRODUCT(($B$2:$B$1001=B2)*((0-$F$2:$F$1001)<=(0-F2)))/SUMPRODUCT(($B$2:$B$1001=B2)*1),0) -> 0.56802721 | Q2: =(M2*Assumptions!$B$5+N2*Assumptions!$B$6+O2*Assumptions!$B$7+P2*Assumptions!$B$8)*L2 -> 0.27971939 | R2: =IFERROR(SUMPRODUCT(($B$2:$B$1001=B2)*($Q$2:$Q$1001<=Q2))/SUMPRODUCT(($B$2:$B$1001=B2)*1),0) -> 0.22108844 | S2: =IFERROR(SUMPRODUCT(($B$2:$B$1001=B2)*($K$2:$K$1001<=K2))/SUMPRODUCT(($B$2:$B$1001=B2)*1),0) -> 0.61904762 | T2: =(R2-S2)*100 -> -39.795918 | U2: ='Player Data'!T2 -> No | V2: ='Player Data'!U2 -> 2028 | W2: =IF(AND(T2>=Assumptions!$B$19,U2="No"),"High Priority - Unrepresented",IF(T2>=Assumptions!$B$19,"High Priority",IF(AND(T2>=Assumptions!$B$20,U2="No"),"Watchlist - Unrepresented",IF(T2>=Assumptions!$B$20,"Watchlist","")))) | X2: ='Player Data'!V2 -> info@koperfc.si | Y2: ='Player Data'!W2 -> Club sporting director / first-team office | Z2: ='Player Data'!X2 -> NZS (Football Association of Slovenia) player registry | AA2: =HYPERLINK("https://www.transfermarkt.com/schnellsuche/ergebnis/schnellsuche?query="&SUBSTITUTE(A2," ","+"),"Search Transfermarkt") -> Search Transfermarkt | AB2: =IFERROR('Player Data'!K2/('Player Data'!K2+'Player Data'!L2),0) -> 0.6 | AC2: =IF(B2="GK",IF(AND(O2>=Assumptions!$B$23,N2>=Assumptions!$B$23),"Sweeper-Keeper / Build-from-the-Back",IF(O2>=Assumptions!$B$23,"Sweeper-Keeper / High Line",IF(M2>=Assumptions!$B$23,"Shot-Stopper / Traditional","Flexible / Multi-System"))),IF(AND(O2>=Assumptions!$B$23,P2>=Assumptions!$B$24),"High Press / Gegenpressing",IF(AND(N2>=Assumptions!$B$23,AB2>=Assumptions!$B$25),"Possession / Build-from-the-Back",IF(N2>=Assumptions!$B$23,"Counter-Attack / Transition",IF(AND(O2>=Assumptions!$B$23,N2<Assumptions!$B$26),"Low Block / Park the Bus",IF(AND(B2="FW",M2>=Assumptions!$B$23,N2<Assumptions!$B$26),"Direct / Target Approach","Flexible / Multi-System")))))) -> Flexible / Multi-System | AD2: ='Player Data'!Y2 -> 2026-07-14 | AE2: ='Player Data'!Z2 -> 2026-07-15 | AF2: =IFERROR(INDEX(Assumptions!$B$30:$B$61,MATCH(C2,Assumptions!$A$30:$A$61,0)),"--") -> Austria, Poland | AG2: =IF(R2>=0.7,"Step-Up Candidate",IF(R2>=0.4,"Lateral Move","Stay & Develop")) -> Stay & Develop
A3: ='Player Data'!A3 -> Hoang Le | B3: ='Player Data'!F3 -> DF | C3: ='Player Data'!B3 -> Vietnam | D3: ='Player Data'!C3 -> Vietnam Second Division - West | E3: ='Player Data'!D3 -> 3 | F3: ='Player Data'!G3 -> 17 | G3: ='Player Data'!H3 -> 1740 | H3: =IF(B3="GK",IFERROR(('Player Data'!N3-1.5*'Player Data'!O3)/'Player Data'!H3*90,0),IFERROR(('Player Data'!I3+'Player Data'!J3)/'Player Data'!H3*90,0)) -> 0.10344828 | I3: =IF(B3="GK",'Player Data'!P3,IFERROR(('Player Data'!K3+'Player Data'!L3)/'Player Data'!H3*90,0)) -> 5.3275862 | J3: =IF(B3="GK",IFERROR('Player Data'!Q3/'Player Data'!H3*90,0),IFERROR('Player Data'!M3/'Player Data'!H3*90,0)) -> 6.4655172 | K3: ='Player Data'!S3 -> 106482 | L3: =INDEX(Assumptions!$B$13:$B$15,MATCH(E3,Assumptions!$A$13:$A$15,0)) -> 0.85 | M3: =IFERROR(SUMPRODUCT(($B$2:$B$1001=B3)*($H$2:$H$1001<=H3))/SUMPRODUCT(($B$2:$B$1001=B3)*1),0) -> 0.20408163 | N3: =IFERROR(SUMPRODUCT(($B$2:$B$1001=B3)*($I$2:$I$1001<=I3))/SUMPRODUCT(($B$2:$B$1001=B3)*1),0) -> 0.64965986 | O3: =IFERROR(SUMPRODUCT(($B$2:$B$1001=B3)*($J$2:$J$1001<=J3))/SUMPRODUCT(($B$2:$B$1001=B3)*1),0) -> 0.68367347 | P3: =IFERROR(SUMPRODUCT(($B$2:$B$1001=B3)*((0-$F$2:$F$1001)<=(0-F3)))/SUMPRODUCT(($B$2:$B$1001=B3)*1),0) -> 1 | Q3: =(M3*Assumptions!$B$5+N3*Assumptions!$B$6+O3*Assumptions!$B$7+P3*Assumptions!$B$8)*L3 -> 0.52286565 | R3: =IFERROR(SUMPRODUCT(($B$2:$B$1001=B3)*($Q$2:$Q$1001<=Q3))/SUMPRODUCT(($B$2:$B$1001=B3)*1),0) -> 0.65306122 | S3: =IFERROR(SUMPRODUCT(($B$2:$B$1001=B3)*($K$2:$K$1001<=K3))/SUMPRODUCT(($B$2:$B$1001=B3)*1),0) -> 0.78231293 | T3: =(R3-S3)*100 -> -12.92517 | U3: ='Player Data'!T3 -> No | V3: ='Player Data'!U3 -> 2026 | W3: =IF(AND(T3>=Assumptions!$B$19,U3="No"),"High Priority - Unrepresented",IF(T3>=Assumptions!$B$19,"High Priority",IF(AND(T3>=Assumptions!$B$20,U3="No"),"Watchlist - Unrepresented",IF(T3>=Assumptions!$B$20,"Watchlist","")))) | X3: ='Player Data'!V3 -> info@danangtown.vn | Y3: ='Player Data'!W3 -> Club youth/academy office ONLY - player is a minor, do not contact directly | Z3: ='Player Data'!X3 -> VFF (Vietnam Football Federation) player registry | AA3: =HYPERLINK("https://www.transfermarkt.com/schnellsuche/ergebnis/schnellsuche?query="&SUBSTITUTE(A3," ","+"),"Search Transfermarkt") -> Search Transfermarkt | AB3: =IFERROR('Player Data'!K3/('Player Data'!K3+'Player Data'!L3),0) -> 0.63106796 | AC3: =IF(B3="GK",IF(AND(O3>=Assumptions!$B$23,N3>=Assumptions!$B$23),"Sweeper-Keeper / Build-from-the-Back",IF(O3>=Assumptions!$B$23,"Sweeper-Keeper / High Line",IF(M3>=Assumptions!$B$23,"Shot-Stopper / Traditional","Flexible / Multi-System"))),IF(AND(O3>=Assumptions!$B$23,P3>=Assumptions!$B$24),"High Press / Gegenpressing",IF(AND(N3>=Assumptions!$B$23,AB3>=Assumptions!$B$25),"Possession / Build-from-the-Back",IF(N3>=Assumptions!$B$23,"Counter-Attack / Transition",IF(AND(O3>=Assumptions!$B$23,N3<Assumptions!$B$26),"Low Block / Park the Bus",IF(AND(B3="FW",M3>=Assumptions!$B$23,N3<Assumptions!$B$26),"Direct / Target Approach","Flexible / Multi-System")))))) -> High Press / Gegenpressing | AD3: ='Player Data'!Y3 -> 2026-07-14 | AE3: ='Player Data'!Z3 -> 2026-07-15 | AF3: =IFERROR(INDEX(Assumptions!$B$30:$B$61,MATCH(C3,Assumptions!$A$30:$A$61,0)),"--") -> Australia, Saudi Arabia | AG3: =IF(R3>=0.7,"Step-Up Candidate",IF(R3>=0.4,"Lateral Move","Stay & Develop")) -> Lateral Move
A4: ='Player Data'!A4 -> Filip Stojanovski | B4: ='Player Data'!F4 -> DF | C4: ='Player Data'!B4 -> North Macedonia | D4: ='Player Data'!C4 -> North Macedonia Regional League | E4: ='Player Data'!D4 -> 2 | F4: ='Player Data'!G4 -> 19 | G4: ='Player Data'!H4 -> 1912 | H4: =IF(B4="GK",IFERROR(('Player Data'!N4-1.5*'Player Data'!O4)/'Player Data'!H4*90,0),IFERROR(('Player Data'!I4+'Player Data'!J4)/'Player Data'!H4*90,0)) -> 0.28242678 | I4: =IF(B4="GK",'Player Data'!P4,IFERROR(('Player Data'!K4+'Player Data'!L4)/'Player Data'!H4*90,0)) -> 4.2834728 | J4: =IF(B4="GK",IFERROR('Player Data'!Q4/'Player Data'!H4*90,0),IFERROR('Player Data'!M4/'Player Data'!H4*90,0)) -> 5.5073222 | K4: ='Player Data'!S4 -> 43203 | L4: =INDEX(Assumptions!$B$13:$B$15,MATCH(E4,Assumptions!$A$13:$A$15,0)) -> 1 | M4: =IFERROR(SUMPRODUCT(($B$2:$B$1001=B4)*($H$2:$H$1001<=H4))/SUMPRODUCT(($B$2:$B$1001=B4)*1),0) -> 0.72789116 | N4: =IFERROR(SUMPRODUCT(($B$2:$B$1001=B4)*($I$2:$I$1001<=I4))/SUMPRODUCT(($B$2:$B$1001=B4)*1),0) -> 0.44897959 | O4: =IFERROR(SUMPRODUCT(($B$2:$B$1001=B4)*($J$2:$J$1001<=J4))/SUMPRODUCT(($B$2:$B$1001=B4)*1),0) -> 0.52721088 | P4: =IFERROR(SUMPRODUCT(($B$2:$B$1001=B4)*((0-$F$2:$F$1001)<=(0-F4)))/SUMPRODUCT(($B$2:$B$1001=B4)*1),0) -> 0.73809524 | Q4: =(M4*Assumptions!$B$5+N4*Assumptions!$B$6+O4*Assumptions!$B$7+P4*Assumptions!$B$8)*L4 -> 0.59217687 | R4: =IFERROR(SUMPRODUCT(($B$2:$B$1001=B4)*($Q$2:$Q$1001<=Q4))/SUMPRODUCT(($B$2:$B$1001=B4)*1),0) -> 0.7414966 | S4: =IFERROR(SUMPRODUCT(($B$2:$B$1001=B4)*($K$2:$K$1001<=K4))/SUMPRODUCT(($B$2:$B$1001=B4)*1),0) -> 0.41836735 | T4: =(R4-S4)*100 -> 32.312925 | U4: ='Player Data'!T4 -> No | V4: ='Player Data'!U4 -> 2026 | W4: =IF(AND(T4>=Assumptions!$B$19,U4="No"),"High Priority - Unrepresented",IF(T4>=Assumptions!$B$19,"High Priority",IF(AND(T4>=Assumptions!$B$20,U4="No"),"Watchlist - Unrepresented",IF(T4>=Assumptions!$B$20,"Watchlist","")))) -> Watchlist - Unrepresented | X4: ='Player Data'!V4 -> info@ohridrangers.mk | Y4: ='Player Data'!W4 -> Club sporting director / first-team office | Z4: ='Player Data'!X4 -> FFM (Football Federation of North Macedonia) player registry | AA4: =HYPERLINK("https://www.transfermarkt.com/schnellsuche/ergebnis/schnellsuche?query="&SUBSTITUTE(A4," ","+"),"Search Transfermarkt") -> Search Transfermarkt | AB4: =IFERROR('Player Data'!K4/('Player Data'!K4+'Player Data'!L4),0) -> 0.78021978 | AC4: =IF(B4="GK",IF(AND(O4>=Assumptions!$B$23,N4>=Assumptions!$B$23),"Sweeper-Keeper / Build-from-the-Back",IF(O4>=Assumptions!$B$23,"Sweeper-Keeper / High Line",IF(M4>=Assumptions!$B$23,"Shot-Stopper / Traditional","Flexible / Multi-System"))),IF(AND(O4>=Assumptions!$B$23,P4>=Assumptions!$B$24),"High Press / Gegenpressing",IF(AND(N4>=Assumptions!$B$23,AB4>=Assumptions!$B$25),"Possession / Build-from-the-Back",IF(N4>=Assumptions!$B$23,"Counter-Attack / Transition",IF(AND(O4>=Assumptions!$B$23,N4<Assumptions!$B$26),"Low Block / Park the Bus",IF(AND(B4="FW",M4>=Assumptions!$B$23,N4<Assumptions!$B$26),"Direct / Target Approach","Flexible / Multi-System")))))) -> Flexible / Multi-System | AD4: ='Player Data'!Y4 -> 2026-07-14 | AE4: ='Player Data'!Z4 -> 2026-07-15 | AF4: =IFERROR(INDEX(Assumptions!$B$30:$B$61,MATCH(C4,Assumptions!$A$30:$A$61,0)),"--") -> Austria, Turkey | AG4: =IF(R4>=0.7,"Step-Up Candidate",IF(R4>=0.4,"Lateral Move","Stay & Develop")) -> Step-Up Candidate
A5: ='Player Data'!A5 -> Ha-joon Jung | B5: ='Player Data'!F5 -> GK | C5: ='Player Data'!B5 -> South Korea | D5: ='Player Data'!C5 -> South Korea Second Division | E5: ='Player Data'!D5 -> 2 | F5: ='Player Data'!G5 -> 25 | G5: ='Player Data'!H5 -> 2099 | H5: =IF(B5="GK",IFERROR(('Player Data'!N5-1.5*'Player Data'!O5)/'Player Data'!H5*90,0),IFERROR(('Player Data'!I5+'Player Data'!J5)/'Player Data'!H5*90,0)) -> 0.57884707 | I5: =IF(B5="GK",'Player Data'!P5,IFERROR(('Player Data'!K5+'Player Data'!L5)/'Player Data'!H5*90,0)) -> 60.3 | J5: =IF(B5="GK",IFERROR('Player Data'!Q5/'Player Data'!H5*90,0),IFERROR('Player Data'!M5/'Player Data'!H5*90,0)) -> 0.57027156 | K5: ='Player Data'!S5 -> 126781 | L5: =INDEX(Assumptions!$B$13:$B$15,MATCH(E5,Assumptions!$A$13:$A$15,0)) -> 1 | M5: =IFERROR(SUMPRODUCT(($B$2:$B$1001=B5)*($H$2:$H$1001<=H5))/SUMPRODUCT(($B$2:$B$1001=B5)*1),0) -> 0.31147541 | N5: =IFERROR(SUMPRODUCT(($B$2:$B$1001=B5)*($I$2:$I$1001<=I5))/SUMPRODUCT(($B$2:$B$1001=B5)*1),0) -> 0.17486339 | O5: =IFERROR(SUMPRODUCT(($B$2:$B$1001=B5)*($J$2:$J$1001<=J5))/SUMPRODUCT(($B$2:$B$1001=B5)*1),0) -> 0.29508197 | P5: =IFERROR(SUMPRODUCT(($B$2:$B$1001=B5)*((0-$F$2:$F$1001)<=(0-F5)))/SUMPRODUCT(($B$2:$B$1001=B5)*1),0) -> 0.24043716 | Q5: =(M5*Assumptions!$B$5+N5*Assumptions!$B$6+O5*Assumptions!$B$7+P5*Assumptions!$B$8)*L5 -> 0.24617486 | R5: =IFERROR(SUMPRODUCT(($B$2:$B$1001=B5)*($Q$2:$Q$1001<=Q5))/SUMPRODUCT(($B$2:$B$1001=B5)*1),0) -> 0.071038251 | S5: =IFERROR(SUMPRODUCT(($B$2:$B$1001=B5)*($K$2:$K$1001<=K5))/SUMPRODUCT(($B$2:$B$1001=B5)*1),0) -> 0.8579235 | T5: =(R5-S5)*100 -> -78.688525 | U5: ='Player Data'!T5 -> No | V5: ='Player Data'!U5 -> 2026 | W5: =IF(AND(T5>=Assumptions!$B$19,U5="No"),"High Priority - Unrepresented",IF(T5>=Assumptions!$B$19,"High Priority",IF(AND(T5>=Assumptions!$B$20,U5="No"),"Watchlist - Unrepresented",IF(T5>=Assumptions!$B$20,"Watchlist","")))) | X5: ='Player Data'!V5 -> info@daejeonfc.kr | Y5: ='Player Data'!W5 -> Club sporting director / first-team office | Z5: ='Player Data'!X5 -> KFA (Korea Football Association) player registry | AA5: =HYPERLINK("https://www.transfermarkt.com/schnellsuche/ergebnis/schnellsuche?query="&SUBSTITUTE(A5," ","+"),"Search Transfermarkt") -> Search Transfermarkt | AB5: =IFERROR('Player Data'!K5/('Player Data'!K5+'Player Data'!L5),0) -> 0.54545455 | AC5: =IF(B5="GK",IF(AND(O5>=Assumptions!$B$23,N5>=Assumptions!$B$23),"Sweeper-Keeper / Build-from-the-Back",IF(O5>=Assumptions!$B$23,"Sweeper-Keeper / High Line",IF(M5>=Assumptions!$B$23,"Shot-Stopper / Traditional","Flexible / Multi-System"))),IF(AND(O5>=Assumptions!$B$23,P5>=Assumptions!$B$24),"High Press / Gegenpressing",IF(AND(N5>=Assumptions!$B$23,AB5>=Assumptions!$B$25),"Possession / Build-from-the-Back",IF(N5>=Assumptions!$B$23,"Counter-Attack / Transition",IF(AND(O5>=Assumptions!$B$23,N5<Assumptions!$B$26),"Low Block / Park the Bus",IF(AND(B5="FW",M5>=Assumptions!$B$23,N5<Assumptions!$B$26),"Direct / Target Approach","Flexible / Multi-System")))))) -> Flexible / Multi-System | AD5: ='Player Data'!Y5 -> 2026-07-14 | AE5: ='Player Data'!Z5 -> 2026-07-15 | AF5: =IFERROR(INDEX(Assumptions!$B$30:$B$61,MATCH(C5,Assumptions!$A$30:$A$61,0)),"--") -> Belgium, Saudi Arabia | AG5: =IF(R5>=0.7,"Step-Up Candidate",IF(R5>=0.4,"Lateral Move","Stay & Develop")) -> Stay & Develop
A6: ='Player Data'!A6 -> Junior Perez | B6: ='Player Data'!F6 -> FW | C6: ='Player Data'!B6 -> Venezuela | D6: ='Player Data'!C6 -> Venezuela Regional League | E6: ='Player Data'!D6 -> 2 | F6: ='Player Data'!G6 -> 21 | G6: ='Player Data'!H6 -> 1809 | H6: =IF(B6="GK",IFERROR(('Player Data'!N6-1.5*'Player Data'!O6)/'Player Data'!H6*90,0),IFERROR(('Player Data'!I6+'Player Data'!J6)/'Player Data'!H6*90,0)) -> 1.1940299 | I6: =IF(B6="GK",'Player Data'!P6,IFERROR(('Player Data'!K6+'Player Data'!L6)/'Player Data'!H6*90,0)) -> 6.5174129 | J6: =IF(B6="GK",IFERROR('Player Data'!Q6/'Player Data'!H6*90,0),IFERROR('Player Data'!M6/'Player Data'!H6*90,0)) -> 0.59701493 | K6: ='Player Data'!S6 -> 121253 | L6: =INDEX(Assumptions!$B$13:$B$15,MATCH(E6,Assumptions!$A$13:$A$15,0)) -> 1 | M6: =IFERROR(SUMPRODUCT(($B$2:$B$1001=B6)*($H$2:$H$1001<=H6))/SUMPRODUCT(($B$2:$B$1001=B6)*1),0) -> 0.69911504 | N6: =IFERROR(SUMPRODUCT(($B$2:$B$1001=B6)*($I$2:$I$1001<=I6))/SUMPRODUCT(($B$2:$B$1001=B6)*1),0) -> 0.5 | O6: =IFERROR(SUMPRODUCT(($B$2:$B$1001=B6)*($J$2:$J$1001<=J6))/SUMPRODUCT(($B$2:$B$1001=B6)*1),0) -> 0.62389381 | P6: =IFERROR(SUMPRODUCT(($B$2:$B$1001=B6)*((0-$F$2:$F$1001)<=(0-F6)))/SUMPRODUCT(($B$2:$B$1001=B6)*1),0) -> 0.57964602 | Q6: =(M6*Assumptions!$B$5+N6*Assumptions!$B$6+O6*Assumptions!$B$7+P6*Assumptions!$B$8)*L6 -> 0.59048673 | R6: =IFERROR(SUMPRODUCT(($B$2:$B$1001=B6)*($Q$2:$Q$1001<=Q6))/SUMPRODUCT(($B$2:$B$1001=B6)*1),0) -> 0.73893805 | S6: =IFERROR(SUMPRODUCT(($B$2:$B$1001=B6)*($K$2:$K$1001<=K6))/SUMPRODUCT(($B$2:$B$1001=B6)*1),0) -> 0.84513274 | T6: =(R6-S6)*100 -> -10.619469 | U6: ='Player Data'!T6 -> Unknown | V6: ='Player Data'!U6 -> 2028 | W6: =IF(AND(T6>=Assumptions!$B$19,U6="No"),"High Priority - Unrepresented",IF(T6>=Assumptions!$B$19,"High Priority",IF(AND(T6>=Assumptions!$B$20,U6="No"),"Watchlist - Unrepresented",IF(T6>=Assumptions!$B$20,"Watchlist","")))) | X6: ='Player Data'!V6 -> info@barquisimetosc.ve | Y6: ='Player Data'!W6 -> Club sporting director / first-team office | Z6: ='Player Data'!X6 -> FVF (Venezuelan Football Federation) player registry | AA6: =HYPERLINK("https://www.transfermarkt.com/schnellsuche/ergebnis/schnellsuche?query="&SUBSTITUTE(A6," ","+"),"Search Transfermarkt") -> Search Transfermarkt | AB6: =IFERROR('Player Data'!K6/('Player Data'!K6+'Player Data'!L6),0) -> 0.41221374 | AC6: =IF(B6="GK",IF(AND(O6>=Assumptions!$B$23,N6>=Assumptions!$B$23),"Sweeper-Keeper / Build-from-the-Back",IF(O6>=Assumptions!$B$23,"Sweeper-Keeper / High Line",IF(M6>=Assumptions!$B$23,"Shot-Stopper / Traditional","Flexible / Multi-System"))),IF(AND(O6>=Assumptions!$B$23,P6>=Assumptions!$B$24),"High Press / Gegenpressing",IF(AND(N6>=Assumptions!$B$23,AB6>=Assumptions!$B$25),"Possession / Build-from-the-Back",IF(N6>=Assumptions!$B$23,"Counter-Attack / Transition",IF(AND(O6>=Assumptions!$B$23,N6<Assumptions!$B$26),"Low Block / Park the Bus",IF(AND(B6="FW",M6>=Assumptions!$B$23,N6<Assumptions!$B$26),"Direct / Target Approach","Flexible / Multi-System")))))) -> Flexible / Multi-System | AD6: ='Player Data'!Y6 -> 2026-07-14 | AE6: ='Player Data'!Z6 -> 2026-07-15 | AF6: =IFERROR(INDEX(Assumptions!$B$30:$B$61,MATCH(C6,Assumptions!$A$30:$A$61,0)),"--") -> Argentina, Portugal | AG6: =IF(R6>=0.7,"Step-Up Candidate",IF(R6>=0.4,"Lateral Move","Stay & Develop")) -> Step-Up Candidate
A7: ='Player Data'!A7 -> Rasmus Kukk | B7: ='Player Data'!F7 -> MF | C7: ='Player Data'!B7 -> Estonia | D7: ='Player Data'!C7 -> Estonia Second Division - West | E7: ='Player Data'!D7 -> 2 | F7: ='Player Data'!G7 -> 25 | G7: ='Player Data'!H7 -> 1661 | H7: =IF(B7="GK",IFERROR(('Player Data'!N7-1.5*'Player Data'!O7)/'Player Data'!H7*90,0),IFERROR(('Player Data'!I7+'Player Data'!J7)/'Player Data'!H7*90,0)) -> 1.1378688 | I7: =IF(B7="GK",'Player Data'!P7,IFERROR(('Player Data'!K7+'Player Data'!L7)/'Player Data'!H7*90,0)) -> 11.812161 | J7: =IF(B7="GK",IFERROR('Player Data'!Q7/'Player Data'!H7*90,0),IFERROR('Player Data'!M7/'Player Data'!H7*90,0)) -> 2.4924744 | K7: ='Player Data'!S7 -> 87658 | L7: =INDEX(Assumptions!$B$13:$B$15,MATCH(E7,Assumptions!$A$13:$A$15,0)) -> 1 | M7: =IFERROR(SUMPRODUCT(($B$2:$B$1001=B7)*($H$2:$H$1001<=H7))/SUMPRODUCT(($B$2:$B$1001=B7)*1),0) -> 0.82828283 | N7: =IFERROR(SUMPRODUCT(($B$2:$B$1001=B7)*($I$2:$I$1001<=I7))/SUMPRODUCT(($B$2:$B$1001=B7)*1),0) -> 0.57239057 | O7: =IFERROR(SUMPRODUCT(($B$2:$B$1001=B7)*($J$2:$J$1001<=J7))/SUMPRODUCT(($B$2:$B$1001=B7)*1),0) -> 0.63299663 | P7: =IFERROR(SUMPRODUCT(($B$2:$B$1001=B7)*((0-$F$2:$F$1001)<=(0-F7)))/SUMPRODUCT(($B$2:$B$1001=B7)*1),0) -> 0.2020202 | Q7: =(M7*Assumptions!$B$5+N7*Assumptions!$B$6+O7*Assumptions!$B$7+P7*Assumptions!$B$8)*L7 -> 0.57441077 | R7: =IFERROR(SUMPRODUCT(($B$2:$B$1001=B7)*($Q$2:$Q$1001<=Q7))/SUMPRODUCT(($B$2:$B$1001=B7)*1),0) -> 0.72390572 | S7: =IFERROR(SUMPRODUCT(($B$2:$B$1001=B7)*($K$2:$K$1001<=K7))/SUMPRODUCT(($B$2:$B$1001=B7)*1),0) -> 0.69023569 | T7: =(R7-S7)*100 -> 3.3670034 | U7: ='Player Data'!T7 -> No | V7: ='Player Data'!U7 -> 2029 | W7: =IF(AND(T7>=Assumptions!$B$19,U7="No"),"High Priority - Unrepresented",IF(T7>=Assumptions!$B$19,"High Priority",IF(AND(T7>=Assumptions!$B$20,U7="No"),"Watchlist - Unrepresented",IF(T7>=Assumptions!$B$20,"Watchlist","")))) | X7: ='Player Data'!V7 -> info@narvawanderers.ee | Y7: ='Player Data'!W7 -> Club sporting director / first-team office | Z7: ='Player Data'!X7 -> EJL (Estonian Football Association) player registry | AA7: =HYPERLINK("https://www.transfermarkt.com/schnellsuche/ergebnis/schnellsuche?query="&SUBSTITUTE(A7," ","+"),"Search Transfermarkt") -> Search Transfermarkt | AB7: =IFERROR('Player Data'!K7/('Player Data'!K7+'Player Data'!L7),0) -> 0.58256881 | AC7: =IF(B7="GK",IF(AND(O7>=Assumptions!$B$23,N7>=Assumptions!$B$23),"Sweeper-Keeper / Build-from-the-Back",IF(O7>=Assumptions!$B$23,"Sweeper-Keeper / High Line",IF(M7>=Assumptions!$B$23,"Shot-Stopper / Traditional","Flexible / Multi-System"))),IF(AND(O7>=Assumptions!$B$23,P7>=Assumptions!$B$24),"High Press / Gegenpressing",IF(AND(N7>=Assumptions!$B$23,AB7>=Assumptions!$B$25),"Possession / Build-from-the-Back",IF(N7>=Assumptions!$B$23,"Counter-Attack / Transition",IF(AND(O7>=Assumptions!$B$23,N7<Assumptions!$B$26),"Low Block / Park the Bus",IF(AND(B7="FW",M7>=Assumptions!$B$23,N7<Assumptions!$B$26),"Direct / Target Approach","Flexible / Multi-System")))))) -> Flexible / Multi-System | AD7: ='Player Data'!Y7 -> 2026-07-14 | AE7: ='Player Data'!Z7 -> 2026-07-15 | AF7: =IFERROR(INDEX(Assumptions!$B$30:$B$61,MATCH(C7,Assumptions!$A$30:$A$61,0)),"--") -> Poland, Norway | AG7: =IF(R7>=0.7,"Step-Up Candidate",IF(R7>=0.4,"Lateral Move","Stay & Develop")) -> Step-Up Candidate
A8: ='Player Data'!A8 -> Ardit Krasniqi | B8: ='Player Data'!F8 -> FW | C8: ='Player Data'!B8 -> Albania | D8: ='Player Data'!C8 -> Albania Third Tier - North | E8: ='Player Data'!D8 -> 4 | F8: ='Player Data'!G8 -> 19 | G8: ='Player Data'!H8 -> 850 | H8: =IF(B8="GK",IFERROR(('Player Data'!N8-1.5*'Player Data'!O8)/'Player Data'!H8*90,0),IFERROR(('Player Data'!I8+'Player Data'!J8)/'Player Data'!H8*90,0)) -> 1.5882353 | I8: =IF(B8="GK",'Player Data'!P8,IFERROR(('Player Data'!K8+'Player Data'!L8)/'Player Data'!H8*90,0)) -> 16.305882 | J8: =IF(B8="GK",IFERROR('Player Data'!Q8/'Player Data'!H8*90,0),IFERROR('Player Data'!M8/'Player Data'!H8*90,0)) -> 1.5882353 | K8: ='Player Data'!S8 -> 36336 | L8: =INDEX(Assumptions!$B$13:$B$15,MATCH(E8,Assumptions!$A$13:$A$15,0)) -> 0.7 | M8: =IFERROR(SUMPRODUCT(($B$2:$B$1001=B8)*($H$2:$H$1001<=H8))/SUMPRODUCT(($B$2:$B$1001=B8)*1),0) -> 0.87610619 | N8: =IFERROR(SUMPRODUCT(($B$2:$B$1001=B8)*($I$2:$I$1001<=I8))/SUMPRODUCT(($B$2:$B$1001=B8)*1),0) -> 0.99115044 | O8: =IFERROR(SUMPRODUCT(($B$2:$B$1001=B8)*($J$2:$J$1001<=J8))/SUMPRODUCT(($B$2:$B$1001=B8)*1),0) -> 1 | P8: =IFERROR(SUMPRODUCT(($B$2:$B$1001=B8)*((0-$F$2:$F$1001)<=(0-F8)))/SUMPRODUCT(($B$2:$B$1001=B8)*1),0) -> 0.83185841 | Q8: =(M8*Assumptions!$B$5+N8*Assumptions!$B$6+O8*Assumptions!$B$7+P8*Assumptions!$B$8)*L8 -> 0.65261062 | R8: =IFERROR(SUMPRODUCT(($B$2:$B$1001=B8)*($Q$2:$Q$1001<=Q8))/SUMPRODUCT(($B$2:$B$1001=B8)*1),0) -> 0.82300885 | S8: =IFERROR(SUMPRODUCT(($B$2:$B$1001=B8)*($K$2:$K$1001<=K8))/SUMPRODUCT(($B$2:$B$1001=B8)*1),0) -> 0.39380531 | T8: =(R8-S8)*100 -> 42.920354 | U8: ='Player Data'!T8 -> No | V8: ='Player Data'!U8 -> 2026 | W8: =IF(AND(T8>=Assumptions!$B$19,U8="No"),"High Priority - Unrepresented",IF(T8>=Assumptions!$B$19,"High Priority",IF(AND(T8>=Assumptions!$B$20,U8="No"),"Watchlist - Unrepresented",IF(T8>=Assumptions!$B$20,"Watchlist","")))) -> High Priority - Unrepresented | X8: ='Player Data'!V8 -> info@durresrangers.al | Y8: ='Player Data'!W8 -> Club sporting director / first-team office | Z8: ='Player Data'!X8 -> FSHF (Albanian Football Association) player registry | AA8: =HYPERLINK("https://www.transfermarkt.com/schnellsuche/ergebnis/schnellsuche?query="&SUBSTITUTE(A8," ","+"),"Search Transfermarkt") -> Search Transfermarkt | AB8: =IFERROR('Player Data'!K8/('Player Data'!K8+'Player Data'!L8),0) -> 0.35064935 | AC8: =IF(B8="GK",IF(AND(O8>=Assumptions!$B$23,N8>=Assumptions!$B$23),"Sweeper-Keeper / Build-from-the-Back",IF(O8>=Assumptions!$B$23,"Sweeper-Keeper / High Line",IF(M8>=Assumptions!$B$23,"Shot-Stopper / Traditional","Flexible / Multi-System"))),IF(AND(O8>=Assumptions!$B$23,P8>=Assumptions!$B$24),"High Press / Gegenpressing",IF(AND(N8>=Assumptions!$B$23,AB8>=Assumptions!$B$25),"Possession / Build-from-the-Back",IF(N8>=Assumptions!$B$23,"Counter-Attack / Transition",IF(AND(O8>=Assumptions!$B$23,N8<Assumptions!$B$26),"Low Block / Park the Bus",IF(AND(B8="FW",M8>=Assumptions!$B$23,N8<Assumptions!$B$26),"Direct / Target Approach","Flexible / Multi-System")))))) -> High Press / Gegenpressing | AD8: ='Player Data'!Y8 -> 2026-07-14 | AE8: ='Player Data'!Z8 -> 2026-07-15 | AF8: =IFERROR(INDEX(Assumptions!$B$30:$B$61,MATCH(C8,Assumptions!$A$30:$A$61,0)),"--") -> Turkey, Poland | AG8: =IF(R8>=0.7,"Step-Up Candidate",IF(R8>=0.4,"Lateral Move","Stay & Develop")) -> Step-Up Candidate
A9: ='Player Data'!A9 -> Ivan Matic | B9: ='Player Data'!F9 -> GK | C9: ='Player Data'!B9 -> Croatia | D9: ='Player Data'!C9 -> Croatia Third Tier - South | E9: ='Player Data'!D9 -> 4 | F9: ='Player Data'!G9 -> 17 | G9: ='Player Data'!H9 -> 1036 | H9: =IF(B9="GK",IFERROR(('Player Data'!N9-1.5*'Player Data'!O9)/'Player Data'!H9*90,0),IFERROR(('Player Data'!I9+'Player Data'!J9)/'Player Data'!H9*90,0)) -> 1.9111969 | I9: =IF(B9="GK",'Player Data'!P9,IFERROR(('Player Data'!K9+'Player Data'!L9)/'Player Data'!H9*90,0)) -> 75.7 | J9: =IF(B9="GK",IFERROR('Player Data'!Q9/'Player Data'!H9*90,0),IFERROR('Player Data'!M9/'Player Data'!H9*90,0)) -> 0.47779923 | K9: ='Player Data'!S9 -> 131907 | L9: =INDEX(Assumptions!$B$13:$B$15,MATCH(E9,Assumptions!$A$13:$A$15,0)) -> 0.7 | M9: =IFERROR(SUMPRODUCT(($B$2:$B$1001=B9)*($H$2:$H$1001<=H9))/SUMPRODUCT(($B$2:$B$1001=B9)*1),0) -> 0.86885246 | N9: =IFERROR(SUMPRODUCT(($B$2:$B$1001=B9)*($I$2:$I$1001<=I9))/SUMPRODUCT(($B$2:$B$1001=B9)*1),0) -> 0.57377049 | O9: =IFERROR(SUMPRODUCT(($B$2:$B$1001=B9)*($J$2:$J$1001<=J9))/SUMPRODUCT(($B$2:$B$1001=B9)*1),0) -> 0.2295082 | P9: =IFERROR(SUMPRODUCT(($B$2:$B$1001=B9)*((0-$F$2:$F$1001)<=(0-F9)))/SUMPRODUCT(($B$2:$B$1001=B9)*1),0) -> 1 | Q9: =(M9*Assumptions!$B$5+N9*Assumptions!$B$6+O9*Assumptions!$B$7+P9*Assumptions!$B$8)*L9 -> 0.4647541 | R9: =IFERROR(SUMPRODUCT(($B$2:$B$1001=B9)*($Q$2:$Q$1001<=Q9))/SUMPRODUCT(($B$2:$B$1001=B9)*1),0) -> 0.49726776 | S9: =IFERROR(SUMPRODUCT(($B$2:$B$1001=B9)*($K$2:$K$1001<=K9))/SUMPRODUCT(($B$2:$B$1001=B9)*1),0) -> 0.89617486 | T9: =(R9-S9)*100 -> -39.89071 | U9: ='Player Data'!T9 -> No | V9: ='Player Data'!U9 -> 2029 | W9: =IF(AND(T9>=Assumptions!$B$19,U9="No"),"High Priority - Unrepresented",IF(T9>=Assumptions!$B$19,"High Priority",IF(AND(T9>=Assumptions!$B$20,U9="No"),"Watchlist - Unrepresented",IF(T9>=Assumptions!$B$20,"Watchlist","")))) | X9: ='Player Data'!V9 -> info@osijeksc.hr | Y9: ='Player Data'!W9 -> Club youth/academy office ONLY - player is a minor, do not contact directly | Z9: ='Player Data'!X9 -> HNS (Croatian Football Federation) player registry | AA9: =HYPERLINK("https://www.transfermarkt.com/schnellsuche/ergebnis/schnellsuche?query="&SUBSTITUTE(A9," ","+"),"Search Transfermarkt") -> Search Transfermarkt | AB9: =IFERROR('Player Data'!K9/('Player Data'!K9+'Player Data'!L9),0) -> 0.94117647 | AC9: =IF(B9="GK",IF(AND(O9>=Assumptions!$B$23,N9>=Assumptions!$B$23),"Sweeper-Keeper / Build-from-the-Back",IF(O9>=Assumptions!$B$23,"Sweeper-Keeper / High Line",IF(M9>=Assumptions!$B$23,"Shot-Stopper / Traditional","Flexible / Multi-System"))),IF(AND(O9>=Assumptions!$B$23,P9>=Assumptions!$B$24),"High Press / Gegenpressing",IF(AND(N9>=Assumptions!$B$23,AB9>=Assumptions!$B$25),"Possession / Build-from-the-Back",IF(N9>=Assumptions!$B$23,"Counter-Attack / Transition",IF(AND(O9>=Assumptions!$B$23,N9<Assumptions!$B$26),"Low Block / Park the Bus",IF(AND(B9="FW",M9>=Assumptions!$B$23,N9<Assumptions!$B$26),"Direct / Target Approach","Flexible / Multi-System")))))) -> Shot-Stopper / Traditional | AD9: ='Player Data'!Y9 -> 2026-07-14 | AE9: ='Player Data'!Z9 -> 2026-07-15 | AF9: =IFERROR(INDEX(Assumptions!$B$30:$B$61,MATCH(C9,Assumptions!$A$30:$A$61,0)),"--") -> Austria, Turkey | AG9: =IF(R9>=0.7,"Step-Up Candidate",IF(R9>=0.4,"Lateral Move","Stay & Develop")) -> Lateral Move
A10: ='Player Data'!A10 -> Mustafa Mahmoud | B10: ='Player Data'!F10 -> GK | C10: ='Player Data'!B10 -> Iraq | D10: ='Player Data'!C10 -> Iraq Third Tier - North | E10: ='Player Data'!D10 -> 2 | F10: ='Player Data'!G10 -> 25 | G10: ='Player Data'!H10 -> 2442 | H10: =IF(B10="GK",IFERROR(('Player Data'!N10-1.5*'Player Data'!O10)/'Player Data'!H10*90,0),IFERROR(('Player Data'!I10+'Player Data'!J10)/'Player Data'!H10*90,0)) -> -0.60810811 | I10: =IF(B10="GK",'Player Data'!P10,IFERROR(('Player Data'!K10+'Player Data'!L10)/'Player Data'!H10*90,0)) -> 61.1 | J10: =IF(B10="GK",IFERROR('Player Data'!Q10/'Player Data'!H10*90,0),IFERROR('Player Data'!M10/'Player Data'!H10*90,0)) -> 0.49385749 | K10: ='Player Data'!S10 -> 57150 | L10: =INDEX(Assumptions!$B$13:$B$15,MATCH(E10,Assumptions!$A$13:$A$15,0)) -> 1 | M10: =IFERROR(SUMPRODUCT(($B$2:$B$1001=B10)*($H$2:$H$1001<=H10))/SUMPRODUCT(($B$2:$B$1001=B10)*1),0) -> 0.06010929 | N10: =IFERROR(SUMPRODUCT(($B$2:$B$1001=B10)*($I$2:$I$1001<=I10))/SUMPRODUCT(($B$2:$B$1001=B10)*1),0) -> 0.20218579 | O10: =IFERROR(SUMPRODUCT(($B$2:$B$1001=B10)*($J$2:$J$1001<=J10))/SUMPRODUCT(($B$2:$B$1001=B10)*1),0) -> 0.26229508 | P10: =IFERROR(SUMPRODUCT(($B$2:$B$1001=B10)*((0-$F$2:$F$1001)<=(0-F10)))/SUMPRODUCT(($B$2:$B$1001=B10)*1),0) -> 0.24043716 | Q10: =(M10*Assumptions!$B$5+N10*Assumptions!$B$6+O10*Assumptions!$B$7+P10*Assumptions!$B$8)*L10 -> 0.1863388 | R10: =IFERROR(SUMPRODUCT(($B$2:$B$1001=B10)*($Q$2:$Q$1001<=Q10))/SUMPRODUCT(($B$2:$B$1001=B10)*1),0) -> 0.0054644809 | S10: =IFERROR(SUMPRODUCT(($B$2:$B$1001=B10)*($K$2:$K$1001<=K10))/SUMPRODUCT(($B$2:$B$1001=B10)*1),0) -> 0.44262295 | T10: =(R10-S10)*100 -> -43.715847 | U10: ='Player Data'!T10 -> Yes | V10: ='Player Data'!U10 -> 2026 | W10: =IF(AND(T10>=Assumptions!$B$19,U10="No"),"High Priority - Unrepresented",IF(T10>=Assumptions!$B$19,"High Priority",IF(AND(T10>=Assumptions!$B$20,U10="No"),"Watchlist - Unrepresented",IF(T10>=Assumptions!$B$20,"Watchlist","")))) | X10: ='Player Data'!V10 -> info@basraunited.iq | Y10: ='Player Data'!W10 -> Go through the player's agent - ask the club to confirm representation first | Z10: ='Player Data'!X10 -> IFA (Iraq Football Association) player registry | AA10: =HYPERLINK("https://www.transfermarkt.com/schnellsuche/ergebnis/schnellsuche?query="&SUBSTITUTE(A10," ","+"),"Search Transfermarkt") -> Search Transfermarkt | AB10: =IFERROR('Player Data'!K10/('Player Data'!K10+'Player Data'!L10),0) -> 0.84615385 | AC10: =IF(B10="GK",IF(AND(O10>=Assumptions!$B$23,N10>=Assumptions!$B$23),"Sweeper-Keeper / Build-from-the-Back",IF(O10>=Assumptions!$B$23,"Sweeper-Keeper / High Line",IF(M10>=Assumptions!$B$23,"Shot-Stopper / Traditional","Flexible / Multi-System"))),IF(AND(O10>=Assumptions!$B$23,P10>=Assumptions!$B$24),"High Press / Gegenpressing",IF(AND(N10>=Assumptions!$B$23,AB10>=Assumptions!$B$25),"Possession / Build-from-the-Back",IF(N10>=Assumptions!$B$23,"Counter-Attack / Transition",IF(AND(O10>=Assumptions!$B$23,N10<Assumptions!$B$26),"Low Block / Park the Bus",IF(AND(B10="FW",M10>=Assumptions!$B$23,N10<Assumptions!$B$26),"Direct / Target Approach","Flexible / Multi-System")))))) -> Flexible / Multi-System | AD10: ='Player Data'!Y10 -> 2026-07-14 | AE10: ='Player Data'!Z10 -> 2026-07-15 | AF10: =IFERROR(INDEX(Assumptions!$B$30:$B$61,MATCH(C10,Assumptions!$A$30:$A$61,0)),"--") -> Turkey, Saudi Arabia | AG10: =IF(R10>=0.7,"Step-Up Candidate",IF(R10>=0.4,"Lateral Move","Stay & Develop")) -> Stay & Develop
A11: ='Player Data'!A11 -> Sander Mets | B11: ='Player Data'!F11 -> MF | C11: ='Player Data'!B11 -> Estonia | D11: ='Player Data'!C11 -> Estonia Second Division - West | E11: ='Player Data'!D11 -> 2 | F11: ='Player Data'!G11 -> 24 | G11: ='Player Data'!H11 -> 2208 | H11: =IF(B11="GK",IFERROR(('Player Data'!N11-1.5*'Player Data'!O11)/'Player Data'!H11*90,0),IFERROR(('Player Data'!I11+'Player Data'!J11)/'Player Data'!H11*90,0)) -> 0.65217391 | I11: =IF(B11="GK",'Player Data'!P11,IFERROR(('Player Data'!K11+'Player Data'!L11)/'Player Data'!H11*90,0)) -> 9.375 | J11: =IF(B11="GK",IFERROR('Player Data'!Q11/'Player Data'!H11*90,0),IFERROR('Player Data'!M11/'Player Data'!H11*90,0)) -> 2.0380435 | K11: ='Player Data'!S11 -> 95867 | L11: =INDEX(Assumptions!$B$13:$B$15,MATCH(E11,Assumptions!$A$13:$A$15,0)) -> 1 | M11: =IFERROR(SUMPRODUCT(($B$2:$B$1001=B11)*($H$2:$H$1001<=H11))/SUMPRODUCT(($B$2:$B$1001=B11)*1),0) -> 0.38720539 | N11: =IFERROR(SUMPRODUCT(($B$2:$B$1001=B11)*($I$2:$I$1001<=I11))/SUMPRODUCT(($B$2:$B$1001=B11)*1),0) -> 0.35016835 | O11: =IFERROR(SUMPRODUCT(($B$2:$B$1001=B11)*($J$2:$J$1001<=J11))/SUMPRODUCT(($B$2:$B$1001=B11)*1),0) -> 0.44781145 | P11: =IFERROR(SUMPRODUCT(($B$2:$B$1001=B11)*((0-$F$2:$F$1001)<=(0-F11)))/SUMPRODUCT(($B$2:$B$1001=B11)*1),0) -> 0.32659933 | Q11: =(M11*Assumptions!$B$5+N11*Assumptions!$B$6+O11*Assumptions!$B$7+P11*Assumptions!$B$8)*L11 -> 0.37424242 | R11: =IFERROR(SUMPRODUCT(($B$2:$B$1001=B11)*($Q$2:$Q$1001<=Q11))/SUMPRODUCT(($B$2:$B$1001=B11)*1),0) -> 0.37710438 | S11: =IFERROR(SUMPRODUCT(($B$2:$B$1001=B11)*($K$2:$K$1001<=K11))/SUMPRODUCT(($B$2:$B$1001=B11)*1),0) -> 0.71717172 | T11: =(R11-S11)*100 -> -34.006734 | U11: ='Player Data'!T11 -> No | V11: ='Player Data'!U11 -> 2027 | W11: =IF(AND(T11>=Assumptions!$B$19,U11="No"),"High Priority - Unrepresented",IF(T11>=Assumptions!$B$19,"High Priority",IF(AND(T11>=Assumptions!$B$20,U11="No"),"Watchlist - Unrepresented",IF(T11>=Assumptions!$B$20,"Watchlist","")))) | X11: ='Player Data'!V11 -> info@tallinnrangers.ee | Y11: ='Player Data'!W11 -> Club sporting director / first-team office | Z11: ='Player Data'!X11 -> EJL (Estonian Football Association) player registry | AA11: =HYPERLINK("https://www.transfermarkt.com/schnellsuche/ergebnis/schnellsuche?query="&SUBSTITUTE(A11," ","+"),"Search Transfermarkt") -> Search Transfermarkt | AB11: =IFERROR('Player Data'!K11/('Player Data'!K11+'Player Data'!L11),0) -> 0.72608696 | AC11: =IF(B11="GK",IF(AND(O11>=Assumptions!$B$23,N11>=Assumptions!$B$23),"Sweeper-Keeper / Build-from-the-Back",IF(O11>=Assumptions!$B$23,"Sweeper-Keeper / High Line",IF(M11>=Assumptions!$B$23,"Shot-Stopper / Traditional","Flexible / Multi-System"))),IF(AND(O11>=Assumptions!$B$23,P11>=Assumptions!$B$24),"High Press / Gegenpressing",IF(AND(N11>=Assumptions!$B$23,AB11>=Assumptions!$B$25),"Possession / Build-from-the-Back",IF(N11>=Assumptions!$B$23,"Counter-Attack / Transition",IF(AND(O11>=Assumptions!$B$23,N11<Assumptions!$B$26),"Low Block / Park the Bus",IF(AND(B11="FW",M11>=Assumptions!$B$23,N11<Assumptions!$B$26),"Direct / Target Approach","Flexible / Multi-System")))))) -> Flexible / Multi-System | AD11: ='Player Data'!Y11 -> 2026-07-14 | AE11: ='Player Data'!Z11 -> 2026-07-15 | AF11: =IFERROR(INDEX(Assumptions!$B$30:$B$61,MATCH(C11,Assumptions!$A$30:$A$61,0)),"--") -> Poland, Norway | AG11: =IF(R11>=0.7,"Step-Up Candidate",IF(R11>=0.4,"Lateral Move","Stay & Develop")) -> Stay & Develop
A12: ='Player Data'!A12 -> Edgars Vitols | B12: ='Player Data'!F12 -> FW | C12: ='Player Data'!B12 -> Latvia | D12: ='Player Data'!C12 -> Latvia Second Division - East | E12: ='Player Data'!D12 -> 3 | F12: ='Player Data'!G12 -> 24 | G12: ='Player Data'!H12 -> 2373 | H12: =IF(B12="GK",IFERROR(('Player Data'!N12-1.5*'Player Data'!O12)/'Player Data'!H12*90,0),IFERROR(('Player Data'!I12+'Player Data'!J12)/'Player Data'!H12*90,0)) -> 0.56890013 | I12: =IF(B12="GK",'Player Data'!P12,IFERROR(('Player Data'!K12+'Player Data'!L12)/'Player Data'!H12*90,0)) -> 5.7648546 | J12: =IF(B12="GK",IFERROR('Player Data'!Q12/'Player Data'!H12*90,0),IFERROR('Player Data'!M12/'Player Data'!H12*90,0)) -> 0.53097345 | K12: ='Player Data'!S12 -> 0 | L12: =INDEX(Assumptions!$B$13:$B$15,MATCH(E12,Assumptions!$A$13:$A$15,0)) -> 0.85 | M12: =IFERROR(SUMPRODUCT(($B$2:$B$1001=B12)*($H$2:$H$1001<=H12))/SUMPRODUCT(($B$2:$B$1001=B12)*1),0) -> 0.13716814 | N12: =IFERROR(SUMPRODUCT(($B$2:$B$1001=B12)*($I$2:$I$1001<=I12))/SUMPRODUCT(($B$2:$B$1001=B12)*1),0) -> 0.38495575 | O12: =IFERROR(SUMPRODUCT(($B$2:$B$1001=B12)*($J$2:$J$1001<=J12))/SUMPRODUCT(($B$2:$B$1001=B12)*1),0) -> 0.54867257 | P12: =IFERROR(SUMPRODUCT(($B$2:$B$1001=B12)*((0-$F$2:$F$1001)<=(0-F12)))/SUMPRODUCT(($B$2:$B$1001=B12)*1),0) -> 0.30530973 | Q12: =(M12*Assumptions!$B$5+N12*Assumptions!$B$6+O12*Assumptions!$B$7+P12*Assumptions!$B$8)*L12 -> 0.28884956 | R12: =IFERROR(SUMPRODUCT(($B$2:$B$1001=B12)*($Q$2:$Q$1001<=Q12))/SUMPRODUCT(($B$2:$B$1001=B12)*1),0) -> 0.26548673 | S12: =IFERROR(SUMPRODUCT(($B$2:$B$1001=B12)*($K$2:$K$1001<=K12))/SUMPRODUCT(($B$2:$B$1001=B12)*1),0) -> 0.26106195 | T12: =(R12-S12)*100 -> 0.44247788 | U12: ='Player Data'!T12 -> No | V12: ='Player Data'!U12 -> 2028 | W12: =IF(AND(T12>=Assumptions!$B$19,U12="No"),"High Priority - Unrepresented",IF(T12>=Assumptions!$B$19,"High Priority",IF(AND(T12>=Assumptions!$B$20,U12="No"),"Watchlist - Unrepresented",IF(T12>=Assumptions!$B$20,"Watchlist","")))) | X12: ='Player Data'!V12 -> info@daugavpilsrangers.lv | Y12: ='Player Data'!W12 -> Club sporting director / first-team office | Z12: ='Player Data'!X12 -> LFF (Latvian Football Federation) player registry | AA12: =HYPERLINK("https://www.transfermarkt.com/schnellsuche/ergebnis/schnellsuche?query="&SUBSTITUTE(A12," ","+"),"Search Transfermarkt") -> Search Transfermarkt | AB12: =IFERROR('Player Data'!K12/('Player Data'!K12+'Player Data'!L12),0) -> 0.40789474 | AC12: =IF(B12="GK",IF(AND(O12>=Assumptions!$B$23,N12>=Assumptions!$B$23),"Sweeper-Keeper / Build-from-the-Back",IF(O12>=Assumptions!$B$23,"Sweeper-Keeper / High Line",IF(M12>=Assumptions!$B$23,"Shot-Stopper / Traditional","Flexible / Multi-System"))),IF(AND(O12>=Assumptions!$B$23,P12>=Assumptions!$B$24),"High Press / Gegenpressing",IF(AND(N12>=Assumptions!$B$23,AB12>=Assumptions!$B$25),"Possession / Build-from-the-Back",IF(N12>=Assumptions!$B$23,"Counter-Attack / Transition",IF(AND(O12>=Assumptions!$B$23,N12<Assumptions!$B$26),"Low Block / Park the Bus",IF(AND(B12="FW",M12>=Assumptions!$B$23,N12<Assumptions!$B$26),"Direct / Target Approach","Flexible / Multi-System")))))) -> Flexible / Multi-System | AD12: ='Player Data'!Y12 -> 2026-07-14 | AE12: ='Player Data'!Z12 -> 2026-07-15 | AF12: =IFERROR(INDEX(Assumptions!$B$30:$B$61,MATCH(C12,Assumptions!$A$30:$A$61,0)),"--") -> Poland, Norway | AG12: =IF(R12>=0.7,"Step-Up Candidate",IF(R12>=0.4,"Lateral Move","Stay & Develop")) -> Stay & Develop
A13: ='Player Data'!A13 -> Ahmed Mahmoud | B13: ='Player Data'!F13 -> MF | C13: ='Player Data'!B13 -> Iraq | D13: ='Player Data'!C13 -> Iraq Regional League | E13: ='Player Data'!D13 -> 3 | F13: ='Player Data'!G13 -> 26 | G13: ='Player Data'!H13 -> 1719 | H13: =IF(B13="GK",IFERROR(('Player Data'!N13-1.5*'Player Data'!O13)/'Player Data'!H13*90,0),IFERROR(('Player Data'!I13+'Player Data'!J13)/'Player Data'!H13*90,0)) -> 1.2565445 | I13: =IF(B13="GK",'Player Data'!P13,IFERROR(('Player Data'!K13+'Player Data'!L13)/'Player Data'!H13*90,0)) -> 12.460733 | J13: =IF(B13="GK",IFERROR('Player Data'!Q13/'Player Data'!H13*90,0),IFERROR('Player Data'!M13/'Player Data'!H13*90,0)) -> 1.9895288 | K13: ='Player Data'!S13 -> 87382 | L13: =INDEX(Assumptions!$B$13:$B$15,MATCH(E13,Assumptions!$A$13:$A$15,0)) -> 0.85 | M13: =IFERROR(SUMPRODUCT(($B$2:$B$1001=B13)*($H$2:$H$1001<=H13))/SUMPRODUCT(($B$2:$B$1001=B13)*1),0) -> 0.85858586 | N13: =IFERROR(SUMPRODUCT(($B$2:$B$1001=B13)*($I$2:$I$1001<=I13))/SUMPRODUCT(($B$2:$B$1001=B13)*1),0) -> 0.62289562 | O13: =IFERROR(SUMPRODUCT(($B$2:$B$1001=B13)*($J$2:$J$1001<=J13))/SUMPRODUCT(($B$2:$B$1001=B13)*1),0) -> 0.41414141 | P13: =IFERROR(SUMPRODUCT(($B$2:$B$1001=B13)*((0-$F$2:$F$1001)<=(0-F13)))/SUMPRODUCT(($B$2:$B$1001=B13)*1),0) -> 0.090909091 | Q13: =(M13*Assumptions!$B$5+N13*Assumptions!$B$6+O13*Assumptions!$B$7+P13*Assumptions!$B$8)*L13 -> 0.45361953 | R13: =IFERROR(SUMPRODUCT(($B$2:$B$1001=B13)*($Q$2:$Q$1001<=Q13))/SUMPRODUCT(($B$2:$B$1001=B13)*1),0) -> 0.53535354 | S13: =IFERROR(SUMPRODUCT(($B$2:$B$1001=B13)*($K$2:$K$1001<=K13))/SUMPRODUCT(($B$2:$B$1001=B13)*1),0) -> 0.68686869 | T13: =(R13-S13)*100 -> -15.151515 | U13: ='Player Data'!T13 -> Unknown | V13: ='Player Data'!U13 -> 2026 | W13: =IF(AND(T13>=Assumptions!$B$19,U13="No"),"High Priority - Unrepresented",IF(T13>=Assumptions!$B$19,"High Priority",IF(AND(T13>=Assumptions!$B$20,U13="No"),"Watchlist - Unrepresented",IF(T13>=Assumptions!$B$20,"Watchlist","")))) | X13: ='Player Data'!V13 -> info@basrasc.iq | Y13: ='Player Data'!W13 -> Club sporting director / first-team office | Z13: ='Player Data'!X13 -> IFA (Iraq Football Association) player registry | AA13: =HYPERLINK("https://www.transfermarkt.com/schnellsuche/ergebnis/schnellsuche?query="&SUBSTITUTE(A13," ","+"),"Search Transfermarkt") -> Search Transfermarkt | AB13: =IFERROR('Player Data'!K13/('Player Data'!K13+'Player Data'!L13),0) -> 0.61344538 | AC13: =IF(B13="GK",IF(AND(O13>=Assumptions!$B$23,N13>=Assumptions!$B$23),"Sweeper-Keeper / Build-from-the-Back",IF(O13>=Assumptions!$B$23,"Sweeper-Keeper / High Line",IF(M13>=Assumptions!$B$23,"Shot-Stopper / Traditional","Flexible / Multi-System"))),IF(AND(O13>=Assumptions!$B$23,P13>=Assumptions!$B$24),"High Press / Gegenpressing",IF(AND(N13>=Assumptions!$B$23,AB13>=Assumptions!$B$25),"Possession / Build-from-the-Back",IF(N13>=Assumptions!$B$23,"Counter-Attack / Transition",IF(AND(O13>=Assumptions!$B$23,N13<Assumptions!$B$26),"Low Block / Park the Bus",IF(AND(B13="FW",M13>=Assumptions!$B$23,N13<Assumptions!$B$26),"Direct / Target Approach","Flexible / Multi-System")))))) -> Flexible / Multi-System | AD13: ='Player Data'!Y13 -> 2026-07-14 | AE13: ='Player Data'!Z13 -> 2026-07-15 | AF13: =IFERROR(INDEX(Assumptions!$B$30:$B$61,MATCH(C13,Assumptions!$A$30:$A$61,0)),"--") -> Turkey, Saudi Arabia | AG13: =IF(R13>=0.7,"Step-Up Candidate",IF(R13>=0.4,"Lateral Move","Stay & Develop")) -> Lateral Move
... A1001: ='Player Data'!A1001 -> Mateo Martinez 25 | B1001: ='Player Data'!F1001 -> DF | C1001: ='Player Data'!B1001 -> Bolivia | D1001: ='Player Data'!C1001 -> Bolivia Provincial League | E1001: ='Player Data'!D1001 -> 4 | F1001: ='Player Data'!G1001 -> 21 | G1001: ='Player Data'!H1001 -> 1403 | H1001: =IF(B1001="GK",IFERROR(('Player Data'!N1001-1.5*'Player Data'!O1001)/'Player Data'!H1001*90,0),IFERROR(('Player Data'!I1001+'Player Data'!J1001)/'Player Data'!H1001*90,0)) -> 0.25659301 | I1001: =IF(B1001="GK",'Player Data'!P1001,IFERROR(('Player Data'!K1001+'Player Data'!L1001)/'Player Data'!H1001*90,0)) -> 5.5167498 | J1001: =IF(B1001="GK",IFERROR('Player Data'!Q1001/'Player Data'!H1001*90,0),IFERROR('Player Data'!M1001/'Player Data'!H1001*90,0)) -> 5.1960086 | K1001: ='Player Data'!S1001 -> 0 | L1001: =INDEX(Assumptions!$B$13:$B$15,MATCH(E1001,Assumptions!$A$13:$A$15,0)) -> 0.7 | M1001: =IFERROR(SUMPRODUCT(($B$2:$B$1001=B1001)*($H$2:$H$1001<=H1001))/SUMPRODUCT(($B$2:$B$1001=B1001)*1),0) -> 0.67346939 | N1001: =IFERROR(SUMPRODUCT(($B$2:$B$1001=B1001)*($I$2:$I$1001<=I1001))/SUMPRODUCT(($B$2:$B$1001=B1001)*1),0) -> 0.67687075 | O1001: =IFERROR(SUMPRODUCT(($B$2:$B$1001=B1001)*($J$2:$J$1001<=J1001))/SUMPRODUCT(($B$2:$B$1001=B1001)*1),0) -> 0.47278912 | P1001: =IFERROR(SUMPRODUCT(($B$2:$B$1001=B1001)*((0-$F$2:$F$1001)<=(0-F1001)))/SUMPRODUCT(($B$2:$B$1001=B1001)*1),0) -> 0.56802721 | Q1001: =(M1001*Assumptions!$B$5+N1001*Assumptions!$B$6+O1001*Assumptions!$B$7+P1001*Assumptions!$B$8)*L1001 -> 0.42940476 | R1001: =IFERROR(SUMPRODUCT(($B$2:$B$1001=B1001)*($Q$2:$Q$1001<=Q1001))/SUMPRODUCT(($B$2:$B$1001=B1001)*1),0) -> 0.53741497 | S1001: =IFERROR(SUMPRODUCT(($B$2:$B$1001=B1001)*($K$2:$K$1001<=K1001))/SUMPRODUCT(($B$2:$B$1001=B1001)*1),0) -> 0.24829932 | T1001: =(R1001-S1001)*100 -> 28.911565 | U1001: ='Player Data'!T1001 -> Yes | V1001: ='Player Data'!U1001 -> 2027 | W1001: =IF(AND(T1001>=Assumptions!$B$19,U1001="No"),"High Priority - Unrepresented",IF(T1001>=Assumptions!$B$19,"High Priority",IF(AND(T1001>=Assumptions!$B$20,U1001="No"),"Watchlist - Unrepresented",IF(T1001>=Assumptions!$B$20,"Watchlist","")))) -> Watchlist | X1001: ='Player Data'!V1001 -> info@sucrerangers.bo | Y1001: ='Player Data'!W1001 -> Go through the player's agent - ask the club to confirm representation first | Z1001: ='Player Data'!X1001 -> FBF (Bolivian Football Federation) player registry | AA1001: =HYPERLINK("https://www.transfermarkt.com/schnellsuche/ergebnis/schnellsuche?query="&SUBSTITUTE(A1001," ","+"),"Search Transfermarkt") -> Search Transfermarkt | AB1001: =IFERROR('Player Data'!K1001/('Player Data'!K1001+'Player Data'!L1001),0) -> 0.75581395 | AC1001: =IF(B1001="GK",IF(AND(O1001>=Assumptions!$B$23,N1001>=Assumptions!$B$23),"Sweeper-Keeper / Build-from-the-Back",IF(O1001>=Assumptions!$B$23,"Sweeper-Keeper / High Line",IF(M1001>=Assumptions!$B$23,"Shot-Stopper / Traditional","Flexible / Multi-System"))),IF(AND(O1001>=Assumptions!$B$23,P1001>=Assumptions!$B$24),"High Press / Gegenpressing",IF(AND(N1001>=Assumptions!$B$23,AB1001>=Assumptions!$B$25),"Possession / Build-from-the-Back",IF(N1001>=Assumptions!$B$23,"Counter-Attack / Transition",IF(AND(O1001>=Assumptions!$B$23,N1001<Assumptions!$B$26),"Low Block / Park the Bus",IF(AND(B1001="FW",M1001>=Assumptions!$B$23,N1001<Assumptions!$B$26),"Direct / Target Approach","Flexible / Multi-System")))))) -> Possession / Build-from-the-Back | AD1001: ='Player Data'!Y1001 -> 2026-07-17 | AE1001: ='Player Data'!Z1001 -> 2026-07-17 | AF1001: =IFERROR(INDEX(Assumptions!$B$30:$B$61,MATCH(C1001,Assumptions!$A$30:$A$61,0)),"--") -> Argentina, Portugal | AG1001: =IF(R1001>=0.7,"Step-Up Candidate",IF(R1001>=0.4,"Lateral Move","Stay & Develop")) -> Lateral Move
